,Pair_1,Pair_2,Profit,LossCount
0,ANCBUSD,LUNA2BUSD,159.65631521021922,3
1,GMTBUSD,LEVERBUSD,129.2584568022703,0
2,UNIBUSD,AUCTIONBUSD,93.72624075383574,0
3,DODOBUSD,TLMBUSD,89.45824320744757,0
4,TRXBUSD,ICPBUSD,86.1949001220455,0
5,WAVESBUSD,CVXBUSD,72.4898393762594,0
6,1000SHIBBUSD,ETCBUSD,65.00430376945252,1
8,BTCBUSD,DGBUSDT,60.7055646272299,0
9,GALBUSD,FILBUSD,57.791944770324314,1
