,Pair_1,Pair_2,Profit,LossCount
2,BTCDOMUSDT,API3USDT,103.89803749912771,0
3,XEMUSDT,WOOUSDT,88.18683312570995,0
5,1000SHIBUSDT,JASMYUSDT,76.7961007254403,0
6,GALUSDT,OPUSDT,74.26226232975534,0
9,MTLUSDT,FLOWUSDT,64.9258064276281,0
