,Pair_1,Pair_2,Profit,LossCount
2,BTCDOMUSDT,API3USDT,103.89803749912771,0
3,XEMUSDT,WOOUSDT,88.18683312570995,0
4,CHZUSDT,INJUSDT,77.77909949798371,1
5,1000SHIBUSDT,JASMYUSDT,76.7961007254403,0
6,GALUSDT,OPUSDT,74.26226232975534,0
8,NKNUSDT,SCUSDT,64.99061450403002,0
9,MTLUSDT,FLOWUSDT,64.9258064276281,0
7,STGUSDT,FOOTBALLUSDT,64.8395376906009,1
11,UNFIUSDT,FTTUSDT,57.86020112543691,0
10,BTCSTUSDT,IMXUSDT,55.00160968378182,0
